date,trend,tweet_count
12-09-2025,#يوم_الجمعه,16755.0
12-09-2025,Asiknya NKRI Kompak,
12-09-2025,#12Eylül,11384.0
12-09-2025,Hayırlı Cumalar,19092.0
12-09-2025,コライドン,
12-09-2025,ネフェル,23107.0
12-09-2025,#breach,
12-09-2025,#9EntLivexLingorm,83100.0
12-09-2025,#JuniorMarkFansign,
12-09-2025,clancy,35104.0
12-09-2025,KAT-TUN,
12-09-2025,色ミラコラ,
12-09-2025,スカーレット,26461.0
12-09-2025,バイオレット,23973.0
12-09-2025,chaeyoung,134346.0
12-09-2025,細木数子,
12-09-2025,CHAWARIN AT ELLE PARTY,133925.0
12-09-2025,イベント開催予定,12187.0
12-09-2025,物販入場予約抽選,
12-09-2025,措置命令,
12-09-2025,LIL FANTASY SHOOT OUT NOW,15506.0
12-09-2025,THE WEIGHT OF HIS GLORY,
12-09-2025,ちびぐるみ,
12-09-2025,MINAMAHAL ADelante SA USJR,24370.0
12-09-2025,エスプリ,
12-09-2025,次期総理候補1位,
12-09-2025,STREAM DUSTBIA KINAKABAHAN MV,21996.0
12-09-2025,twenty one pilots,25682.0
12-09-2025,ジャパネット,
12-09-2025,Namjin,
12-09-2025,Packers,114824.0
12-09-2025,政治家の資格,
12-09-2025,Botafogo,51584.0
12-09-2025,ドンタコス,
12-09-2025,最大1万円分,61369.0
12-09-2025,参加回数,17898.0
12-09-2025,危機感あらわ,
12-09-2025,因縁の立憲議員,
12-09-2025,戸田恵梨香,
12-09-2025,当選確率,204356.0
12-09-2025,アクスタランダム,
12-09-2025,Mon3tr,
12-09-2025,柳川抹消,
12-09-2025,कर्नल किरोड़ी सिंह,
12-09-2025,カンナくん,
12-09-2025,Heemskerk,
12-09-2025,HARRY FORD,
12-09-2025,ディープストライカー,
12-09-2025,あと半日,
12-09-2025,Beverwijk,
12-09-2025,#breach,
12-09-2025,clancy,30834.0
12-09-2025,ネフェル,18601.0
12-09-2025,コライドン,
12-09-2025,Botafogo,51206.0
12-09-2025,Packers,112764.0
12-09-2025,#CHAEYOUNG_SOLO_Debut,16955.0
12-09-2025,#채영이만의_감성노트_오픈,16810.0
12-09-2025,#Number_ixタワレコ,
12-09-2025,#يوم_الجمعه,13532.0
12-09-2025,LIL FANTASY SHOOT OUT NOW,14744.0
12-09-2025,KAT-TUN,
12-09-2025,CHAWARIN AT ELLE PARTY,103299.0
12-09-2025,Hayırlı Cumalar,12224.0
12-09-2025,twenty one pilots,22769.0
12-09-2025,色ミラコラ,
12-09-2025,細木数子,
12-09-2025,物販入場予約抽選,
12-09-2025,イベント開催予定,12145.0
12-09-2025,あと半日,
12-09-2025,TIPNAREE GIVENCHY,23659.0
12-09-2025,バイオレット,16912.0
12-09-2025,Harry Ford,
12-09-2025,スカーレット,19660.0
12-09-2025,最大1万円分,60111.0
12-09-2025,参加回数,16089.0
12-09-2025,ドンタコス,
12-09-2025,MINAMAHAL ADelante SA USJR,20986.0
12-09-2025,tyler joseph,
12-09-2025,当選確率,197872.0
12-09-2025,エスプリ,
12-09-2025,STREAM DUSTBIA KINAKABAHAN MV,18979.0
12-09-2025,ブルーインパルス,
12-09-2025,THE AIR Q13 SHOOTING,155292.0
12-09-2025,戸田恵梨香,
12-09-2025,バトルの季節,
12-09-2025,ディープストライカー,
12-09-2025,Achilles,
12-09-2025,夜勤事件,33516.0
12-09-2025,City Walls,18868.0
12-09-2025,Tucker Kraft,
12-09-2025,カラモバ,
12-09-2025,Diniz,
12-09-2025,कर्नल किरोड़ी सिंह,
12-09-2025,Ekeler,
12-09-2025,ニンダイ,31256.0
12-09-2025,カンナくん,
12-09-2025,Mon3tr,
12-09-2025,電話ボイス,
12-09-2025,중대발표,
12-09-2025,Botafogo,50236.0
12-09-2025,Packers,107541.0
12-09-2025,clancy,24445.0
12-09-2025,#CHAEYOUNG_SOLO_Debut,14416.0
12-09-2025,#채영이만의_감성노트_오픈,14260.0
12-09-2025,LIL FANTASY SHOOT OUT NOW,12503.0
12-09-2025,#スターレイル予告番組,13478.0
12-09-2025,#Number_ixタワレコ,
12-09-2025,ネフェル,13404.0
12-09-2025,#ファミマル,44740.0
12-09-2025,あと半日,
12-09-2025,CHAWARIN AT ELLE PARTY,54126.0
12-09-2025,twenty one pilots,18672.0
12-09-2025,Tucker Kraft,
12-09-2025,最大1万円分,58482.0
12-09-2025,参加回数,13980.0
12-09-2025,Achilles,
12-09-2025,バトルの季節,
12-09-2025,KAT-TUN,
12-09-2025,tyler joseph,
12-09-2025,Ekeler,
12-09-2025,物販入場予約抽選,
12-09-2025,イベント開催予定,12301.0
12-09-2025,Jayden Daniels,13644.0
12-09-2025,当選確率,191837.0
12-09-2025,THE AIR Q13 SHOOTING,141707.0
12-09-2025,Green Bay,29590.0
12-09-2025,ブルーインパルス,
12-09-2025,VASCO DA GAMA,15170.0
12-09-2025,Cruzeiro,75680.0
12-09-2025,Robert Renan,
12-09-2025,Commanders,69000.0
12-09-2025,Diniz,
12-09-2025,ドンタコス,
12-09-2025,カラモバ,
12-09-2025,夜勤事件,30346.0
12-09-2025,細木数子,
12-09-2025,ゲーミング紅葉,
12-09-2025,city walls,16206.0
12-09-2025,MINAMAHAL ADelante SA USJR,16256.0
12-09-2025,Léo Jardim,11822.0
12-09-2025,電話ボイス,
12-09-2025,Lattimore,
12-09-2025,Matheus França,
12-09-2025,Adhyatmik Vikas,20066.0
12-09-2025,STREAM DUSTBIA KINAKABAHAN MV,16004.0
12-09-2025,宇宙の日,21105.0
12-09-2025,Swasthya Jeevan,19807.0
12-09-2025,Jordan Love,13978.0
12-09-2025,ニンダイ,30349.0
12-09-2025,Botafogo,46401.0
12-09-2025,Packers,94023.0
12-09-2025,#スターレイル予告番組,11111.0
12-09-2025,#GoPackGo,13519.0
12-09-2025,Tucker Kraft,
12-09-2025,Achilles,
12-09-2025,Jayden Daniels,12577.0
12-09-2025,#後払い10連ガチャ,10131.0
12-09-2025,Cruzeiro,72908.0
12-09-2025,#マックのマイメロディクロミフルーリー,
12-09-2025,Green Bay,25999.0
12-09-2025,Diniz,
12-09-2025,Ekeler,
12-09-2025,#ファミマル,29637.0
12-09-2025,VASCO DA GAMA,13141.0
12-09-2025,Commanders,65499.0
12-09-2025,Léo Jardim,10646.0
12-09-2025,Robert Renan,
12-09-2025,バトルの季節,
12-09-2025,あと半日,
12-09-2025,最大1万円分,57592.0
12-09-2025,参加回数,
12-09-2025,Lattimore,
12-09-2025,Matheus França,
12-09-2025,Coutinho,
12-09-2025,Jordan Love,12456.0
12-09-2025,当選確率,193207.0
12-09-2025,THE AIR Q13 SHOOTING,116387.0
12-09-2025,LIL FANTASY SHOOT OUT NOW,
12-09-2025,夜勤事件,25400.0
12-09-2025,Neto,22043.0
12-09-2025,Washington,115646.0
12-09-2025,カラモバ,
12-09-2025,ゲーミング紅葉,
12-09-2025,物販入場予約抽選,
12-09-2025,イベント開催予定,12371.0
12-09-2025,ドンタコス,
12-09-2025,Swasthya Jeevan,13767.0
12-09-2025,Adhyatmik Vikas,14326.0
12-09-2025,Deebo,
12-09-2025,Vegetti,
12-09-2025,宇宙の日,19254.0
12-09-2025,Nixon,
12-09-2025,Copa do Brasil,41118.0
12-09-2025,ブルーインパルス,
12-09-2025,O Vasco,33006.0
12-09-2025,Matt Gay,
12-09-2025,堕天使新規,
12-09-2025,グリーンアップル大使,
12-09-2025,じゃらすじーさん,
12-09-2025,Packers,72124.0
12-09-2025,Cruzeiro,65692.0
12-09-2025,#スターレイル予告番組,
12-09-2025,Diniz,
12-09-2025,Coutinho,
12-09-2025,Botafogo,20945.0
12-09-2025,Jordan Love,10100.0
12-09-2025,Matheus França,
12-09-2025,Green Bay,20788.0
12-09-2025,#LaVozArgentina,16033.0
12-09-2025,#GoPackGo,10294.0
12-09-2025,Vegetti,
12-09-2025,#เสน่หาวาโยคิว13,69218.0
12-09-2025,THE AIR Q13 SHOOTING,70023.0
12-09-2025,Jayden Daniels,
12-09-2025,Commanders,54362.0
12-09-2025,Léo Jardim,
12-09-2025,#DragRaceBR,
12-09-2025,Matt Gay,
12-09-2025,Lattimore,
12-09-2025,Tucker Kraft,
12-09-2025,Washington,112739.0
12-09-2025,Mets,28924.0
12-09-2025,夜勤事件,18676.0
12-09-2025,Kaio Jorge,18554.0
12-09-2025,Peirano,
12-09-2025,Dan Quinn,
12-09-2025,Lyanco,
12-09-2025,Arana,
12-09-2025,宇宙の日,16299.0
12-09-2025,Al Michaels,
12-09-2025,GRANDE DIA,228264.0
12-09-2025,Artur,
12-09-2025,Robert Renan,
12-09-2025,AREA OF MEENPING,19814.0
12-09-2025,ファミマオンライン,
12-09-2025,カラモバ,
12-09-2025,BOLSONARO CONDENADO,493348.0
12-09-2025,じゃらすじーさん,
12-09-2025,Sampaoli,
12-09-2025,ドンタコス,
12-09-2025,Noah Brown,
12-09-2025,横山万博のグッズ,
12-09-2025,WESLEY 200K MILESTONE,
12-09-2025,Kliff,
12-09-2025,Trey Amos,
12-09-2025,NINESTAR FALLS,
12-09-2025,Atlético,34358.0
12-09-2025,MINAMAHAL ADelante SA USJR,
12-09-2025,O Vasco,16390.0
12-09-2025,Cruzeiro,48209.0
12-09-2025,Packers,50880.0
12-09-2025,Jordan Love,
12-09-2025,Kaio Jorge,13455.0
12-09-2025,Arana,
12-09-2025,#GoPackGo,
12-09-2025,GRANDE DIA,213527.0
12-09-2025,Coutinho,
12-09-2025,夜勤事件,13411.0
12-09-2025,#صدقه_الجمعه_معسر_مسن_احسان,
12-09-2025,BOLSONARO CONDENADO,452384.0
12-09-2025,Botafogo,16400.0
12-09-2025,#SNKRS,
12-09-2025,Jayden Reed,
12-09-2025,#サーティワン新作シェイク,
12-09-2025,Lyanco,
12-09-2025,Green Bay,14769.0
12-09-2025,宇宙の日,13959.0
12-09-2025,Lattimore,
12-09-2025,Sampaoli,
12-09-2025,Trey Amos,
12-09-2025,Atlético,29091.0
12-09-2025,#TNFonPrime,
12-09-2025,Tucker Kraft,
12-09-2025,Jair Bolsonaro,290493.0
12-09-2025,日本郵便公表,
12-09-2025,Commanders,41851.0
12-09-2025,NUNO MOREIRA,
12-09-2025,ナムさん,
12-09-2025,ミラージュフレーム,
12-09-2025,SUPREMA PERSEGUIÇÃO,192118.0
12-09-2025,Hulk,14879.0
12-09-2025,Noah Brown,
12-09-2025,Romeo Doubs,
12-09-2025,QUEREM MATAR BOLSONARO,161406.0
12-09-2025,Neto,19200.0
12-09-2025,Igor Gomes,
12-09-2025,Aaron Judge,
12-09-2025,Washington,106569.0
12-09-2025,Glorilla,
12-09-2025,Al Michaels,
12-09-2025,Harrison Bader,
12-09-2025,Rony,
12-09-2025,セカンドイシュー,
12-09-2025,アンパンマン,13262.0
12-09-2025,Wake Forest,
12-09-2025,総裁選出馬の意向,12945.0
12-09-2025,専業子供,
12-09-2025,ケイくん,
12-09-2025,エンティーム,
11-09-2025,GRANDE DIA,190606.0
11-09-2025,BOLSONARO CONDENADO,392805.0
11-09-2025,Cruzeiro,29371.0
11-09-2025,Kaio Jorge,
11-09-2025,宇宙の日,10934.0
11-09-2025,夜勤事件,
11-09-2025,#朝ドラあんぱん,15861.0
11-09-2025,#SVAllStarsGala2,
11-09-2025,#サーティワン新作シェイク,
11-09-2025,Jair Bolsonaro,255447.0
11-09-2025,#بيبو_الجمهور_بيقولك_كمل,
11-09-2025,ナムさん,
11-09-2025,Lyanco,
11-09-2025,#ラスピTIME,
11-09-2025,SUPREMA PERSEGUIÇÃO,163164.0
11-09-2025,Igor Gomes,
11-09-2025,アンパンマン,13604.0
11-09-2025,QUEREM MATAR BOLSONARO,136513.0
11-09-2025,エンティーム,
11-09-2025,ケイくん,
11-09-2025,日本郵便公表,
11-09-2025,Thelma,18095.0
11-09-2025,Wanderson,
11-09-2025,Arana,
11-09-2025,総裁選出馬の意向,12124.0
11-09-2025,27 ANOS,82539.0
11-09-2025,東海林さん,
11-09-2025,セカンドイシュー,
11-09-2025,きんようび,
11-09-2025,ミラージュフレーム,
11-09-2025,BOLSONARO PRESO,102930.0
11-09-2025,小泉農相,
11-09-2025,ジャムおじさん,
11-09-2025,Bozo,26304.0
11-09-2025,Papuda,34217.0
11-09-2025,Naval Academy,26405.0
11-09-2025,小泉進次郎農水相,
11-09-2025,Wake Forest,
11-09-2025,推薦人20人確保,
11-09-2025,専業子供,
11-09-2025,Portnoy,
11-09-2025,XEQUE MATE NO YT,
11-09-2025,Bonner,13243.0
11-09-2025,Isabella,92770.0
11-09-2025,VIVA A DEMOCRACIA,31241.0
11-09-2025,岩清水さん,
11-09-2025,Annapolis,17449.0
11-09-2025,琴子さん,
11-09-2025,クイズの日,
11-09-2025,George Floyd,421291.0
11-09-2025,GRANDE DIA,150143.0
11-09-2025,BOLSONARO CONDENADO,295430.0
11-09-2025,#اخت_رجال,
11-09-2025,#حاله_انسانيه_عمر52_منصه_احسان,
11-09-2025,#نجاح_صيف_السعوديه,
11-09-2025,#SVAllStarsGala2,
11-09-2025,Jair Bolsonaro,187242.0
11-09-2025,#BolsonaroNaCadeia,10236.0
11-09-2025,namjoon,325730.0
11-09-2025,SUPREMA PERSEGUIÇÃO,112054.0
11-09-2025,宇宙の日,
11-09-2025,QUEREM MATAR BOLSONARO,93931.0
11-09-2025,carmen lucia,332845.0
11-09-2025,ナムさん,
11-09-2025,BOLSONARO PRESO,83208.0
11-09-2025,Kevin Gausman,
11-09-2025,27 ANOS,17664.0
11-09-2025,Thelma,15324.0
11-09-2025,Bozo,24903.0
11-09-2025,George Floyd,409916.0
11-09-2025,مجلس الامن,12304.0
11-09-2025,Papuda,23647.0
11-09-2025,Bonner,10854.0
11-09-2025,Paramount,14862.0
11-09-2025,VIVA A DEMOCRACIA,24049.0
11-09-2025,Zanin,78044.0
11-09-2025,XEQUE MATE NO YT,
11-09-2025,Alexandre de Moraes,130939.0
11-09-2025,HBCUs,16926.0
11-09-2025,MANE EN NYFW,
11-09-2025,Dino,139640.0
11-09-2025,小泉進次郎農水相,
11-09-2025,UMass Boston,10664.0
11-09-2025,総裁選出馬の意向,10825.0
11-09-2025,ピン止め投稿,20274.0
11-09-2025,賞品の抽選,42586.0
11-09-2025,Hayırlı Cumalar,
11-09-2025,Portnoy,
11-09-2025,全4問正解,27476.0
11-09-2025,小泉農相,
11-09-2025,Wチャンス,175478.0
11-09-2025,推薦人20人確保,
11-09-2025,REGIME FECHADO,
11-09-2025,Borderlands 4,15223.0
11-09-2025,Jota Silva,12179.0
11-09-2025,KIEHL’S TALK EP2,
11-09-2025,ياسر,
11-09-2025,11 de Setembro,132919.0
11-09-2025,joonie,29550.0
11-09-2025,Iztapalapa,216646.0
11-09-2025,GRANDE DIA,96485.0
11-09-2025,BOLSONARO CONDENADO,187679.0
11-09-2025,#نجاح_صيف_السعوديه,
11-09-2025,#اخت_رجال,
11-09-2025,#لاتزرع_شعرك_بغير_واثق_كلينك,
11-09-2025,carmen lucia,281132.0
11-09-2025,#رجال_الحكيم,
11-09-2025,#ابشر_بنا_ياسعدون,
11-09-2025,namjoon,306617.0
11-09-2025,Jair Bolsonaro,148154.0
11-09-2025,BOLSONARO PRESO,61673.0
11-09-2025,$MINT,
11-09-2025,SUPREMA PERSEGUIÇÃO,49868.0
11-09-2025,Thelma,13675.0
11-09-2025,QUEREM MATAR BOLSONARO,38951.0
11-09-2025,George Floyd,409473.0
11-09-2025,Zanin,55410.0
11-09-2025,Alexandre de Moraes,118299.0
11-09-2025,Paramount,12331.0
11-09-2025,Jota Silva,11224.0
11-09-2025,HBCUs,13223.0
11-09-2025,VIVA A DEMOCRACIA,14950.0
11-09-2025,UMass Boston,
11-09-2025,Bozo,27532.0
11-09-2025,Gausman,
11-09-2025,ياسر,
11-09-2025,Borderlands 4,13666.0
11-09-2025,WHAT IF TAYO,163508.0
11-09-2025,VAI TOMAR NO CU BOLSONARO,
11-09-2025,Xandão,39241.0
11-09-2025,Hakan Bilal Kutlualp,11598.0
11-09-2025,Bihter,
11-09-2025,Jair Messias Bolsonaro,12840.0
11-09-2025,Dino,134136.0
11-09-2025,Hayırlı Cumalar,
11-09-2025,Iztapalapa,213344.0
11-09-2025,11 de Setembro,82321.0
11-09-2025,Plantão da Globo,37692.0
11-09-2025,Behlül,
11-09-2025,Mauser,17393.0
11-09-2025,مجلس الامن,
11-09-2025,Nate,34046.0
11-09-2025,Warner Bros,
11-09-2025,The FBI,758686.0
11-09-2025,ナムさん,
11-09-2025,سامي الخيبري,
11-09-2025,Mossad,203791.0
11-09-2025,Sadness,72507.0
11-09-2025,Martial,54400.0
11-09-2025,Nazis,308190.0
11-09-2025,#نجاح_صيف_السعوديه,
11-09-2025,#اخت_رجال,
11-09-2025,GRANDE DIA,33272.0
11-09-2025,BOLSONARO CONDENADO,65344.0
11-09-2025,#رجال_الحكيم,
11-09-2025,#ابشر_بنا_ياسعدون,
11-09-2025,carmen lucia,184083.0
11-09-2025,#حديث_الساري,
11-09-2025,namjoon,286479.0
11-09-2025,$MINT,
11-09-2025,Alexandre de Moraes,100435.0
11-09-2025,BOLSONARO PRESO,32594.0
11-09-2025,WHAT IF TAYO,160888.0
11-09-2025,Jota Silva,
11-09-2025,Jair Bolsonaro,100348.0
11-09-2025,Xandão,31932.0
11-09-2025,HBCUs,10303.0
11-09-2025,Zanin,38067.0
11-09-2025,George Floyd,385662.0
11-09-2025,Plantão da Globo,18192.0
11-09-2025,Dino,116463.0
11-09-2025,Hakan Bilal Kutlualp,
11-09-2025,Jair Messias Bolsonaro,
11-09-2025,The FBI,706476.0
11-09-2025,Mauser,13016.0
11-09-2025,Bihter,
11-09-2025,Borderlands 4,11838.0
11-09-2025,Sant Rampal Ji Maharaj,176792.0
11-09-2025,Fassi,
11-09-2025,VAI TOMAR NO CU BOLSONARO,
11-09-2025,Martial,52867.0
11-09-2025,ミランさん,
11-09-2025,Iztapalapa,198017.0
11-09-2025,ナムさん,
11-09-2025,Mossad,195164.0
11-09-2025,全4問正解,24758.0
11-09-2025,Chipre,
11-09-2025,Wチャンス,173463.0
11-09-2025,賞品の抽選,39898.0
11-09-2025,ピン止め投稿,18002.0
11-09-2025,Nate,30975.0
11-09-2025,#ديه_سعدون_يغامد_وزهران,
11-09-2025,#لاتزرع_شعرك_بغير_واثق_كلينك,
11-09-2025,#عشت_يابو_سلمان,
11-09-2025,#CharlieKirkshot,83613.0
11-09-2025,#BelgiumWordExpo,14988.0
11-09-2025,#متجر_هوم_ستايل,
11-09-2025,#HappyBirthdayRM,149299.0
11-09-2025,#PolisMeslekKanunu,72770.0
11-09-2025,#ارض_بمخطط_العروس_θ5478θ7957,
11-09-2025,#عشت_يابو_سلمان,
11-09-2025,Namjoon,263003.0
11-09-2025,#متجر_هوم_ستايل,
11-09-2025,#ابشر_بنا_ياسعدون,
11-09-2025,#ديه_سعدون_يغامد_وزهران,
11-09-2025,#حديث_الساري,
11-09-2025,WHAT IF TAYO,155488.0
11-09-2025,Carmen Lúcia,75226.0
11-09-2025,Jota Silva,
11-09-2025,Sant Rampal Ji Maharaj,174624.0
11-09-2025,HBCUs,
11-09-2025,$MINT,
11-09-2025,ナムさん,
11-09-2025,全4問正解,24186.0
11-09-2025,賞品の抽選,39297.0
11-09-2025,ピン止め投稿,17532.0
11-09-2025,Wチャンス,172142.0
11-09-2025,The FBI,643126.0
11-09-2025,MAJOR FANDOM TMK,146415.0
11-09-2025,George Floyd,364785.0
11-09-2025,Mauser,10552.0
11-09-2025,1-800-CALL-FBI,123723.0
11-09-2025,サンヒョン,
11-09-2025,ことりちゃん,
11-09-2025,秋山先生,
11-09-2025,ジアハオ,15773.0
11-09-2025,Eduardo Serrano,
11-09-2025,Anthony Martial,
11-09-2025,Fassi,
11-09-2025,Chipre,
11-09-2025,David Hogg,
11-09-2025,第1330回,
11-09-2025,حسام غالي,
11-09-2025,ミランさん,
11-09-2025,Borderlands 4,10171.0
11-09-2025,Antifa,92975.0
11-09-2025,ジュンミン,
11-09-2025,Chains,123807.0
11-09-2025,GiveRep V1,
11-09-2025,Nate Burleson,
11-09-2025,Rayados,
11-09-2025,#لاتزرع_شعرك_بغير_واثق_كلينك,
11-09-2025,#HappyBirthdayRM,136897.0
11-09-2025,#ارض_بمخطط_العروس_θ5478θ7957,
11-09-2025,#الاستغفار_يذهب_الهموم,
11-09-2025,#CharlieKirkshot,73520.0
11-09-2025,#NeverForget,59274.0
11-09-2025,#PolisMeslekKanunu,43578.0
11-09-2025,#BelgiumWordExpo,
11-09-2025,#マヂラブANN0,
11-09-2025,Namjoon,225823.0
11-09-2025,#عشت_يابو_سلمان,
11-09-2025,#الاستغفار_يذهب_الهموم,
11-09-2025,#HappyBirthdayRM,114908.0
11-09-2025,WHAT IF TAYO,134452.0
11-09-2025,#تكفون_فاتورتي_في__منصه_احسان,
11-09-2025,#NeverForget,52131.0
11-09-2025,Sant Rampal Ji Maharaj,165258.0
11-09-2025,賞品の抽選,38774.0
11-09-2025,ナムさん,
11-09-2025,全4問正解,23660.0
11-09-2025,ピン止め投稿,17141.0
11-09-2025,Wチャンス,171718.0
11-09-2025,MAJOR FANDOM TMK,128006.0
11-09-2025,サンヒョン,
11-09-2025,ジアハオ,14772.0
11-09-2025,Jota Silva,
11-09-2025,ことりちゃん,
11-09-2025,ジュンミン,
11-09-2025,Chains,118127.0
11-09-2025,カンミン,
11-09-2025,ミルキーサブウェイ,31229.0
11-09-2025,GiveRep V1,
11-09-2025,정상현 17위,11914.0
11-09-2025,ジュンソ,13710.0
11-09-2025,第1330回,
11-09-2025,Mauser,
11-09-2025,EFM x DEXX,14571.0
11-09-2025,ミランさん,
11-09-2025,サンウォン,
11-09-2025,MAJOR LOVES TFO,92574.0
11-09-2025,Anthony Martial,
11-09-2025,중대발표,
11-09-2025,PERTHSANTA STOPMOMENT LIVE,486482.0
11-09-2025,チンウィ,
11-09-2025,The FBI,546064.0
11-09-2025,Eduardo Serrano,
11-09-2025,カニちゃん,
11-09-2025,VRC鯖落ち,
11-09-2025,1-800-CALL-FBI,52826.0
11-09-2025,#تكفون_سعدون_لاتخلونه,
11-09-2025,#RMDay2025,95355.0
11-09-2025,#愛のがっこう,56566.0
11-09-2025,#حديث_الساري,
11-09-2025,#اعلانك_تررند__θ5592θ9593,
11-09-2025,#MikBrentSingleOutNow,11538.0
11-09-2025,#तत्वज्ञान_की_प्रदर्शनी,189622.0
11-09-2025,#سهم_القمه_مكانك,
11-09-2025,#푸른_별빛이_우리에게_다가온_날,22415.0
11-09-2025,#ダンダダン,10543.0
11-09-2025,Namjoon,139477.0
11-09-2025,#愛のがっこう,54047.0
11-09-2025,#HappyBirthdayRM,61596.0
11-09-2025,#اعلانك_تررند__θ5592θ9593,
11-09-2025,#NeverForget,42145.0
11-09-2025,#سهم_القمه_مكانك,
11-09-2025,賞品の抽選,37377.0
11-09-2025,ピン止め投稿,16162.0
11-09-2025,全4問正解,22314.0
11-09-2025,Wチャンス,166976.0
11-09-2025,WHAT IF TAYO,83160.0
11-09-2025,Sant Rampal Ji Maharaj,135770.0
11-09-2025,サンヒョン,
11-09-2025,ジアハオ,11455.0
11-09-2025,ナムさん,
11-09-2025,Chains,96212.0
11-09-2025,ジュンミン,
11-09-2025,ミルキーサブウェイ,29553.0
11-09-2025,MAJOR FANDOM TMK,78885.0
11-09-2025,カンミン,
11-09-2025,정상현 17위,
11-09-2025,ことりちゃん,
11-09-2025,ジュンソ,10948.0
11-09-2025,サンウォン,
11-09-2025,PERTHSANTA STOPMOMENT LIVE,426369.0
11-09-2025,カニちゃん,
11-09-2025,중대발표,
11-09-2025,チンウィ,
11-09-2025,EFM x DEXX,
11-09-2025,すわほー,
11-09-2025,こいほー,
11-09-2025,ASHDRES MINAMAHAL TRAILER,61856.0
11-09-2025,슈가하이,17187.0
11-09-2025,川原なにがし,
11-09-2025,おつダスピ,
11-09-2025,マキナ死,
11-09-2025,キングオブコント,21319.0
11-09-2025,リズハオ,
11-09-2025,スイカちゃん,
11-09-2025,武蔵小杉,28937.0
11-09-2025,Queendom The Series EP6,15346.0
11-09-2025,jeonghan,28075.0
11-09-2025,#化物語クイズキャンペーン,28084.0
11-09-2025,#HAPPYRMDAY,41165.0
11-09-2025,#तत्वज्ञान_की_प्रदर्शनी,150965.0
11-09-2025,#푸른_별빛이_우리에게_다가온_날,
11-09-2025,#モンスト,36258.0
11-09-2025,#南ことり生誕祭2025,
11-09-2025,#TEASER_BAMBAMXTIMETHAI,88020.0
11-09-2025,#HAPPY_YEJUN_DAY,10481.0
11-09-2025,#愛のがっこう,39523.0
11-09-2025,#化物語クイズキャンペーン,25263.0
11-09-2025,ピン止め投稿,14248.0
11-09-2025,賞品の抽選,34882.0
11-09-2025,全4問正解,19696.0
11-09-2025,Wチャンス,165146.0
11-09-2025,#モンスト,33546.0
11-09-2025,#NeverForget,28753.0
11-09-2025,#TEASER_BAMBAMXTIMETHAI,35018.0
11-09-2025,Sant Rampal Ji Maharaj,93830.0
11-09-2025,WHAT IF TAYO,29875.0
11-09-2025,すわほー,
11-09-2025,こいほー,
11-09-2025,PERTHSANTA STOPMOMENT LIVE,327249.0
11-09-2025,MAJOR FANDOM TMK,12962.0
11-09-2025,ミルキーサブウェイ,25565.0
11-09-2025,ASHDRES MINAMAHAL TRAILER,55379.0
11-09-2025,まりほー,
11-09-2025,jeonghan,24833.0
11-09-2025,横山くん,12292.0
11-09-2025,カニちゃん,
11-09-2025,川原なにがし,
11-09-2025,マキナ死,
11-09-2025,チャンテ4,
11-09-2025,日本の観光名所,
11-09-2025,キングオブコント,18534.0
11-09-2025,슈가하이,10068.0
11-09-2025,ジュンミン,
11-09-2025,中村奨成,
11-09-2025,武蔵小杉,25981.0
11-09-2025,Masih Ada Lazada99 Sale,
11-09-2025,ジェニーハイ,
11-09-2025,ベルナルド,
11-09-2025,AZRALPH NAIILANG MILLION VIEWS,40242.0
11-09-2025,トム・ブラウン,
11-09-2025,元祖いちごちゃん,
11-09-2025,レインボー,
11-09-2025,럭키마초,15494.0
11-09-2025,どう森新作,
11-09-2025,大竹さん,
11-09-2025,Making×Lyric Video,
11-09-2025,カヲルちゃん,
11-09-2025,電車遅延,
11-09-2025,ロコディ,
11-09-2025,DUSTBIA KINAKABAHAN MV DAY,465709.0
11-09-2025,ラッキーマッチョ,
11-09-2025,التوازن العقاري,
11-09-2025,EFM x DEXX,
11-09-2025,Trade $SAPIEN,
11-09-2025,ゴミの本領発揮,
11-09-2025,#化物語クイズキャンペーン,20332.0
11-09-2025,ピン止め投稿,10907.0
11-09-2025,賞品の抽選,29923.0
11-09-2025,全4問正解,15396.0
11-09-2025,Wチャンス,156381.0
11-09-2025,#モンスト,28276.0
11-09-2025,#الاستغفار_يذهب_الهموم,
11-09-2025,#横山万博,23594.0
11-09-2025,#MillexPerthSanta,149502.0
11-09-2025,まりほー,
11-09-2025,横山くん,11182.0
11-09-2025,PERTHSANTA STOPMOMENT LIVE,156833.0
11-09-2025,こいほー,
11-09-2025,すわほー,
11-09-2025,ASHDRES MINAMAHAL TRAILER,43222.0
11-09-2025,チャンテ4,
11-09-2025,大竹完封,
11-09-2025,中村奨成,
11-09-2025,大竹さん,
11-09-2025,JEONGHAN,16150.0
11-09-2025,ベルナルド,
11-09-2025,元祖いちごちゃん,
11-09-2025,Masih Ada Lazada99 Sale,
11-09-2025,武蔵小杉,21507.0
11-09-2025,トム・ブラウン,
11-09-2025,電車遅延,
11-09-2025,大雨の影響,15369.0
11-09-2025,横山さん,
11-09-2025,レインボー,
11-09-2025,どう森新作,
11-09-2025,ジェニーハイ,
11-09-2025,DUSTBIA KINAKABAHAN MV DAY,423221.0
11-09-2025,ゲリラ豪雨,34525.0
11-09-2025,青色1号,
11-09-2025,荘司くん,
11-09-2025,大橋くん,
11-09-2025,AZRALPH NAIILANG MILLION VIEWS,15627.0
11-09-2025,ファイヤーサンダー,
11-09-2025,ロコディ,
11-09-2025,たしゅーコール,
11-09-2025,Merkez Bankası,
11-09-2025,Ankara 3,11698.0
11-09-2025,ジョンハンさん,
11-09-2025,Mandelson,169012.0
11-09-2025,京浜東北線,
11-09-2025,涌井さん,
11-09-2025,加藤匠馬,
11-09-2025,グラスラ,
11-09-2025,バスマジックリン,
11-09-2025,横尾さん,
11-09-2025,#化物語クイズキャンペーン,
11-09-2025,全4問正解,
11-09-2025,ピン止め投稿,
11-09-2025,賞品の抽選,20727.0
11-09-2025,Wチャンス,151481.0
11-09-2025,#横山万博,13069.0
11-09-2025,#モンスト,18366.0
11-09-2025,#حمدان_للترند_هنا_Oち4Oち47O49,
11-09-2025,ASHDRES MINAMAHAL TRAILER,25403.0
11-09-2025,#اعلانك1_هنا1_ترند_θ5θ3θ46347,
11-09-2025,ゲリラ豪雨,29118.0
11-09-2025,武蔵小杉,16762.0
11-09-2025,大雨の影響,13496.0
11-09-2025,電車遅延,
11-09-2025,DUSTBIA KINAKABAHAN MV DAY,382747.0
11-09-2025,物語シリーズ,
11-09-2025,Mandelson,160419.0
11-09-2025,京浜東北線,
11-09-2025,涌井さん,
11-09-2025,Ankara 3,
11-09-2025,帰宅難民,
11-09-2025,満員電車,
11-09-2025,運転見合わせ,11546.0
11-09-2025,ロッテさん,
11-09-2025,エムカ1位,
11-09-2025,SG MONTBLANC WITH BIBLE,
11-09-2025,엠카 1위,
11-09-2025,東松くん,
11-09-2025,雨大丈夫,
11-09-2025,ロッテちゃん,
11-09-2025,物語コラボ,
11-09-2025,まつごー,
11-09-2025,東海道線,
11-09-2025,雨のせい,
11-09-2025,에버리스,
11-09-2025,土砂降り,18897.0
11-09-2025,横山さん,
11-09-2025,横須賀線,
11-09-2025,おっちゃんD,
11-09-2025,ジェニーハイ,
11-09-2025,戸越銀座,
11-09-2025,Can Holding'e,15714.0
11-09-2025,GIVE US PROPER FANDOM NAME,12411.0
11-09-2025,福フェス,
11-09-2025,Kaag,12600.0
11-09-2025,猫の発見,
11-09-2025,のんちゃんインライ,
11-09-2025,슈가하이,
11-09-2025,打者一巡,
11-09-2025,حسام غالي,
11-09-2025,#حديث_الساري,
11-09-2025,ゲリラ豪雨,23264.0
11-09-2025,Charlie Kirk,1926953.0
11-09-2025,武蔵小杉,11491.0
11-09-2025,物語シリーズ,
11-09-2025,#تسهيلات_سداد_فواتير_الكهرباء,
11-09-2025,ASHDRES MINAMAHAL TRAILER,
11-09-2025,大雨の影響,10605.0
11-09-2025,#قروض_للقطاع_الخاص_Θ5ち492б848,
11-09-2025,DUSTBIA KINAKABAHAN MV DAY,330672.0
11-09-2025,運転見合わせ,
11-09-2025,土砂降り,16951.0
11-09-2025,#サクラミーツフェス,10605.0
11-09-2025,#INI交換,
11-09-2025,電車遅延,
11-09-2025,Can Holding'e,12542.0
11-09-2025,物語コラボ,
11-09-2025,京浜東北線,
11-09-2025,東海道線,
11-09-2025,Alexis,62540.0
11-09-2025,横山万博,
11-09-2025,緊急安全確保,
11-09-2025,ずぶ濡れ,
11-09-2025,Kaag,10564.0
11-09-2025,मोहन भागवत,34809.0
11-09-2025,Orkun Ayhan,
11-09-2025,雨大丈夫,
11-09-2025,線路冠水,
11-09-2025,GIVE US PROPER FANDOM NAME,
11-09-2025,カミナリ,
11-09-2025,Dalilah,47378.0
11-09-2025,びしょ濡れ,
11-09-2025,Show TV,47731.0
11-09-2025,緊急速報,
11-09-2025,東松くん,
11-09-2025,帰宅難民,
11-09-2025,राष्ट्रीय स्वयंसेवक संघ,18488.0
11-09-2025,Habertürk,21125.0
11-09-2025,戸越銀座,
11-09-2025,横須賀線,
11-09-2025,雨のせい,
11-09-2025,モンスト,
11-09-2025,MEW OPENING MONTBLANCSG,
11-09-2025,Mord,22875.0
11-09-2025,大井町線,
11-09-2025,川崎競馬,
11-09-2025,雨雲レーダー,
11-09-2025,記録的短時間大雨情報,
11-09-2025,運転再開,
11-09-2025,羽田空港,
11-09-2025,ゲリラ豪雨,17854.0
11-09-2025,Charlie Kirk,6604203.0
11-09-2025,土砂降り,15481.0
11-09-2025,#الزواج_اسهل_مع_تطبيق_استقرار,
11-09-2025,物語シリーズ,
11-09-2025,#سداد_قروض__O553З2668З,
11-09-2025,Alexis,56746.0
11-09-2025,Dalilah,39702.0
11-09-2025,#الصلاه_علي_شهيد_الواجب,
11-09-2025,カミナリ,
11-09-2025,運転見合わせ,
11-09-2025,#سداد_قروض_050З775З50,
11-09-2025,DUSTBIA KINAKABAHAN MV DAY,276900.0
11-09-2025,Can Holding'e,
11-09-2025,मोहन भागवत,27970.0
11-09-2025,武蔵小杉,
11-09-2025,#الخميس_الونيسᅠ,
11-09-2025,ずぶ濡れ,
11-09-2025,Show TV,42053.0
11-09-2025,物語コラボ,
11-09-2025,記録的短時間大雨情報,
11-09-2025,びしょ濡れ,
11-09-2025,雨雲レーダー,
11-09-2025,Aldo,65701.0
11-09-2025,राष्ट्रीय स्वयंसेवक संघ,14559.0
11-09-2025,緊急速報,
11-09-2025,Habertürk,14658.0
11-09-2025,GIVE US PROPER FANDOM NAME,
11-09-2025,大雨の影響,
11-09-2025,線路冠水,
11-09-2025,Kaag,
11-09-2025,緊急安全確保,
11-09-2025,警戒レベル5,
11-09-2025,Shiky,14407.0
11-09-2025,羽田空港,
11-09-2025,THE HAND OF THE LORD,
11-09-2025,雷ゴロゴロ,
11-09-2025,京浜東北線,
11-09-2025,氾濫危険水位,
11-09-2025,ゴリラゲイ雨,
11-09-2025,洪水警報,
11-09-2025,石神井川,
11-09-2025,マウピフェス,
11-09-2025,横山万博,
11-09-2025,MISHUpee ADD TO CART,
11-09-2025,道路冠水,
11-09-2025,氾濫危険情報,
11-09-2025,世田谷区,
11-09-2025,Mohan Yadav,10810.0
11-09-2025,Mord,20548.0
11-09-2025,Charlie Kirk,7448614.0
11-09-2025,ゲリラ豪雨,10385.0
11-09-2025,土砂降り,12027.0
11-09-2025,カミナリ,
11-09-2025,DUSTBIA KINAKABAHAN MV DAY,235088.0
11-09-2025,#DebateChv,172753.0
11-09-2025,#RiyadhSeasonCard,
11-09-2025,$POPHAM,
11-09-2025,#UpClosefromAfar,
11-09-2025,#vivoV60,
11-09-2025,मोहन भागवत,19498.0
11-09-2025,#ارفع_اعلانك_ترند__057б8l7989,
11-09-2025,Show TV,34575.0
11-09-2025,राष्ट्रीय स्वयंसेवक संघ,10268.0
11-09-2025,Can Holding'e,
11-09-2025,雨雲レーダー,
11-09-2025,Habertürk,
11-09-2025,ゴリラゲイ雨,
11-09-2025,Iztapalapa,109549.0
11-09-2025,雷ゴロゴロ,
11-09-2025,Prioritas Melakukan Evakuasi,
11-09-2025,Mohan Yadav,
11-09-2025,THE AIR Q12 SHOOTING,173774.0
11-09-2025,Leo Rivas,
11-09-2025,ワンダンス,18366.0
11-09-2025,Jara,161151.0
11-09-2025,Democrats,1162382.0
11-09-2025,Doğa Koleji,
11-09-2025,記録的短時間大雨情報,
11-09-2025,स्वामी विवेकानंद,
11-09-2025,Parisi,26723.0
11-09-2025,Utah,1121859.0
11-09-2025,氾濫危険情報,
11-09-2025,Mariners,10793.0
11-09-2025,打撃妨害,
11-09-2025,महादेवी वर्मा,
11-09-2025,Kaag,
11-09-2025,天気予報,10080.0
11-09-2025,恋する天動説,
11-09-2025,MISHUpee ADD TO CART,
11-09-2025,氾濫危険水位,
11-09-2025,Mookie,
11-09-2025,Christian,359678.0
11-09-2025,横山万博,
11-09-2025,आचार्य विनोबा भावे,
11-09-2025,Kemal Can,
11-09-2025,Melissa Hortman,136615.0
11-09-2025,Matthew Dowd,115165.0
11-09-2025,Mehmet Şakir Can,
11-09-2025,石橋貴明,
11-09-2025,Charlie Kirk,3102790.0
11-09-2025,#DebateChv,164785.0
11-09-2025,#RiyadhSeasonCard,
11-09-2025,#ارفع_اعلانك_ترند__057б8l7989,
11-09-2025,DUSTBIA KINAKABAHAN MV DAY,186501.0
11-09-2025,Jara,155546.0
11-09-2025,America,1789571.0
11-09-2025,Parisi,25675.0
11-09-2025,#暑い秋には新登場の丸亀製麺冷うどん,
11-09-2025,#debatepresidencial,67916.0
11-09-2025,THE AIR Q12 SHOOTING,151733.0
11-09-2025,मोहन भागवत,
11-09-2025,ワンダンス,12980.0
11-09-2025,Iztapalapa,84913.0
11-09-2025,राष्ट्रीय स्वयंसेवक संघ,
11-09-2025,Utah,1080631.0
11-09-2025,Kast,115677.0
11-09-2025,Democrats,1037535.0
11-09-2025,MSNBC,718790.0
11-09-2025,Matthew Dowd,106755.0
11-09-2025,Minnesota,206479.0
11-09-2025,Mahila Utthan Mandal,17904.0
11-09-2025,Gui Negão,21981.0
11-09-2025,Pregnancy Care,17619.0
11-09-2025,Matthei,19386.0
11-09-2025,打撃妨害,
11-09-2025,空牙団新規,
11-09-2025,Christian,346789.0
11-09-2025,Yankees,162246.0
11-09-2025,はみぉーん,
11-09-2025,Evil,1346868.0
11-09-2025,Melissa Hortman,126113.0
11-09-2025,Mookie,
11-09-2025,स्वामी विवेकानंद,
11-09-2025,Hugo Souza,
11-09-2025,Colorado,203238.0
11-09-2025,石橋貴明,
11-09-2025,ZEE 2ND SINGLE PRESS,14199.0
11-09-2025,Reformasi Kebaikan Bangsa,
11-09-2025,チャーリー・カーク氏,66785.0
11-09-2025,महादेवी वर्मा,
11-09-2025,May God,245468.0
11-09-2025,Artés,29468.0
11-09-2025,Dera Sacha Sauda,
11-09-2025,嵐フォト,
11-09-2025,コペック,
11-09-2025,Saint Dr MSG Insan,12059.0
11-09-2025,JMFYANG GHOSTINGxMETRO,112070.0
11-09-2025,びじゅチューン,14915.0
11-09-2025,Nicholls,
11-09-2025,Charlie Kirk,3541438.0
11-09-2025,#DebateChv,126794.0
11-09-2025,#RiyadhSeasonCard,
11-09-2025,#debatepresidencial,50081.0
11-09-2025,America,1659889.0
11-09-2025,Jara,125934.0
11-09-2025,Parisi,18025.0
11-09-2025,#เสน่หาวาโยคิว12,110866.0
11-09-2025,THE AIR Q12 SHOOTING,114052.0
11-09-2025,#暑い秋には新登場の丸亀製麺冷うどん,
11-09-2025,Democrats,1027125.0
11-09-2025,Utah,1026709.0
11-09-2025,DUSTBIA KINAKABAHAN MV DAY,135170.0
11-09-2025,MSNBC,669573.0
11-09-2025,Kast,95310.0
11-09-2025,Gui Negão,19810.0
11-09-2025,HUGO SOUZA,
11-09-2025,Minnesota,205372.0
11-09-2025,Yankees,142890.0
11-09-2025,Evil,1214664.0
11-09-2025,Iztapalapa,60805.0
11-09-2025,Matthew Dowd,86934.0
11-09-2025,Matthei,13888.0
11-09-2025,May God,233391.0
11-09-2025,Christian,324268.0
11-09-2025,Mahila Utthan Mandal,
11-09-2025,Pregnancy Care,
11-09-2025,Colorado,180829.0
11-09-2025,Melissa Hortman,131342.0
11-09-2025,ENGLOT FLY TO EUROPE,43593.0
11-09-2025,Artés,19353.0
11-09-2025,Reformasi Kebaikan Bangsa,
11-09-2025,मोहन भागवत,
11-09-2025,Republicans,335380.0
11-09-2025,Rest in Peace,399811.0
11-09-2025,Turning Point,348629.0
11-09-2025,チャーリー・カーク氏,48541.0
11-09-2025,Disgusting,569217.0
11-09-2025,Nicholls,
11-09-2025,JMFYANG GHOSTINGxMETRO,77518.0
11-09-2025,Mencho,
11-09-2025,Nazis,146484.0
11-09-2025,The Left,1663561.0
11-09-2025,Athletico,
11-09-2025,राष्ट्रीय स्वयंसेवक संघ,
11-09-2025,Hoffman,34252.0
11-09-2025,Garro,15810.0
11-09-2025,Puente de la Concordia,54541.0
11-09-2025,Butler,43716.0
11-09-2025,Kash,58718.0
11-09-2025,Charlie Kirk,3347206.0
11-09-2025,#DebateChv,45284.0
11-09-2025,America,1458214.0
11-09-2025,Democrats,971075.0
11-09-2025,Utah,962387.0
11-09-2025,#debatepresidencial,16530.0
11-09-2025,MSNBC,588085.0
11-09-2025,#AEWDynamite,15528.0
11-09-2025,Minnesota,170435.0
11-09-2025,May God,217224.0
11-09-2025,DUSTBIA KINAKABAHAN MV DAY,89503.0
11-09-2025,Evil,1155584.0
11-09-2025,Jara,70707.0
11-09-2025,Parisi,
11-09-2025,Yankees,110349.0
11-09-2025,Christ,334250.0
11-09-2025,Gui Negão,
11-09-2025,Melissa Hortman,108917.0
11-09-2025,Colorado,154051.0
11-09-2025,Republicans,310018.0
11-09-2025,Iztapalapa,40037.0
11-09-2025,Garro,
11-09-2025,Matthew Dowd,59679.0
11-09-2025,Maycon,
11-09-2025,The Left,1583268.0
11-09-2025,Turning Point,301148.0
11-09-2025,Bahia,23946.0
11-09-2025,Disgusting,525538.0
11-09-2025,#あなたにガストミート,
11-09-2025,Praying,736215.0
11-09-2025,#自分の恋愛あるある晒す,
11-09-2025,チャーリー・カーク氏,31880.0
11-09-2025,Puente de la Concordia,40159.0
11-09-2025,Nazis,126307.0
11-09-2025,Kash,53453.0
11-09-2025,Thiago Silva,
11-09-2025,Guns,279977.0
11-09-2025,God Bless,290657.0
11-09-2025,THE AIR Q12 SHOOTING,
11-09-2025,私の恋愛元号キャラ,
11-09-2025,HAVE A SAFE FLIGHT JUNGKOOK,13115.0
11-09-2025,Erika,223671.0
11-09-2025,在任中発表,13143.0
11-09-2025,JMFYANG GHOSTINGxMETRO,21641.0
11-09-2025,Paul Pelosi,33301.0
11-09-2025,恋愛可処分時間,
11-09-2025,Pritzker,67984.0
11-09-2025,South Park,48722.0
11-09-2025,理想の相手,
11-09-2025,公衆電話,10805.0
11-09-2025,Charlie Kirk,3421185.0
11-09-2025,America,1301003.0
11-09-2025,Utah,873589.0
11-09-2025,Democrats,880501.0
11-09-2025,MSNBC,506334.0
11-09-2025,May God,193397.0
11-09-2025,Minnesota,135534.0
11-09-2025,Evil,1013500.0
11-09-2025,#صلي_علي_النبي,
11-09-2025,Bahia,21517.0
11-09-2025,The Left,1384774.0
11-09-2025,Republicans,280229.0
11-09-2025,Turning Point,247646.0
11-09-2025,Melissa Hortman,86894.0
11-09-2025,Colorado,127835.0
11-09-2025,DUSTBIA KINAKABAHAN MV DAY,52004.0
11-09-2025,Thiago Silva,
11-09-2025,Guns,250007.0
11-09-2025,Matthew Dowd,41927.0
11-09-2025,在任中発表,
11-09-2025,Disgusting,476215.0
11-09-2025,#自分の恋愛あるある晒す,
11-09-2025,Jesus Christ,162345.0
11-09-2025,Erika,182288.0
11-09-2025,Puente de la Concordia,27040.0
11-09-2025,#恋愛元号キャラ診断,
11-09-2025,God Bless,260113.0
11-09-2025,Iztapalapa,26694.0
11-09-2025,Pritzker,63653.0
11-09-2025,私の恋愛元号キャラ,
11-09-2025,Violence,1642172.0
11-09-2025,チャーリー・カーク氏,18365.0
11-09-2025,South Park,39226.0
11-09-2025,Paul Pelosi,26034.0
11-09-2025,2nd Amendment,96055.0
11-09-2025,Scott,124607.0
11-09-2025,恋愛可処分時間,
11-09-2025,理想の相手,
11-09-2025,Civil War,141485.0
11-09-2025,Dems,87293.0
11-09-2025,古代生命の痕跡,
11-09-2025,Liberals,236108.0
11-09-2025,Kash,41628.0
11-09-2025,George Floyd,162629.0
11-09-2025,公衆電話,
11-09-2025,宵闇レジスト,
11-09-2025,Political,1159151.0
11-09-2025,#Explosión,13104.0
11-09-2025,Demons,119079.0
11-09-2025,Mr. Kirk,24983.0
10-09-2025,Charlie Kirk,3496971.0
10-09-2025,America,1564515.0
10-09-2025,Utah,713338.0
10-09-2025,Democrats,776584.0
10-09-2025,MSNBC,426326.0
10-09-2025,May God,160256.0
10-09-2025,Evil,839950.0
10-09-2025,Minnesota,94005.0
10-09-2025,The Left,1098894.0
10-09-2025,Republicans,254861.0
10-09-2025,Turning Point,187567.0
10-09-2025,Melissa Hortman,57928.0
10-09-2025,Colorado,108848.0
10-09-2025,Erika,134100.0
10-09-2025,Guns,211977.0
10-09-2025,Disgusting,420688.0
10-09-2025,Violence,1351392.0
10-09-2025,#السعوديه_مع_قطر_بلا_حد,15050.0
10-09-2025,South Park,29968.0
10-09-2025,Pritzker,58118.0
10-09-2025,Civil War,114260.0
10-09-2025,Please God,134586.0
10-09-2025,Matthew Dowd,29750.0
10-09-2025,Liberals,206922.0
10-09-2025,2nd Amendment,103221.0
10-09-2025,Scott,128925.0
10-09-2025,Paul Pelosi,16782.0
10-09-2025,#يوسف_المرواني,
10-09-2025,Mr. Kirk,20673.0
10-09-2025,Political,977943.0
10-09-2025,#الصدقه_بركه_معسر_يناخكم_احسان,
10-09-2025,在任中発表,
10-09-2025,Lord Jesus,49665.0
10-09-2025,ENOUGH IS ENOUGH,363049.0
10-09-2025,Puente de la Concordia,12991.0
10-09-2025,#NTAs,12911.0
10-09-2025,Assassinated,189657.0
10-09-2025,#اسماء_تنخاكم,
10-09-2025,FUX HONRA A TOGA,721659.0
10-09-2025,チャーリー・カーク氏,
10-09-2025,Dear God,79124.0
10-09-2025,Demons,101335.0
10-09-2025,DUSTBIA KINAKABAHAN MV DAY,13804.0
10-09-2025,Shooter,355060.0
10-09-2025,Van Jones,179045.0
10-09-2025,TPUSA,82750.0
10-09-2025,Heavenly Father,33142.0
10-09-2025,May the Lord,43780.0
10-09-2025,George Floyd,157197.0
10-09-2025,Iztapalapa,12908.0
